Rung_X,Rung_Y,Rung_Z
-0.16,-0.28,11.70
0.13,0.47,12.34
-1.06,-0.50,8.24
1.58,0.88,19.44
0.28,2.02,13.41
-0.60,1.64,12.58
0.88,2.79,19.20
-0.32,3.69,11.72
3.01,-3.49,19.61
2.55,-1.81,0.17
-0.22,1.53,11.33
-1.63,3.91,8.07
1.45,3.41,19.61
0.52,-0.26,19.61
1.53,-3.21,16.11
0.80,2.49,13.58
-1.13,3.88,7.81
-0.06,-0.20,11.73
0.88,-1.11,13.47
-0.95,-2.78,5.14
0.43,-1.81,13.27
0.28,6.14,9.88
0.75,2.21,5.88
0.62,-0.42,5.35
2.29,-0.89,17.81
1.19,-1.12,9.57
0.55,0.32,12.15
-0.16,4.11,8.80
0.30,-3.39,15.29
0.52,2.58,15.32
-1.74,3.02,7.49
-0.53,1.83,9.31
0.39,1.50,12.48
-1.94,-2.29,11.38
-1.31,1.98,13.95
1.48,-6.03,19.61
4.30,-3.84,12.14
0.26,-0.11,6.79
0.55,-2.79,14.26
0.54,-5.12,19.61
1.38,1.47,8.17
1.01,-0.05,14.77
0.86,-1.16,13.03
1.07,0.51,12.33
1.74,1.35,12.19
0.96,-1.87,14.95
3.55,-3.07,-2.15
2.83,-3.75,15.44
4.41,-4.11,10.73
4.99,4.04,19.61
-2.32,0.18,-0.42
2.00,4.29,9.73
0.97,6.92,5.95
-0.20,-1.02,3.79
-0.11,-1.02,7.35
0.58,-2.20,8.46
0.71,0.85,10.28
-0.59,-2.26,3.49
1.92,0.86,6.13
1.04,0.10,11.71
1.66,2.83,8.96
-1.76,7.42,9.58
1.54,3.20,14.48
1.75,-0.55,11.88
2.06,2.20,18.73
1.84,-1.45,14.79
1.66,0.15,3.02
-0.42,0.23,12.85
0.04,0.54,10.85
0.32,-0.58,13.28
1.94,0.28,9.92
1.74,-1.52,14.44
0.49,0.90,9.73
0.84,0.05,12.29
-0.37,3.85,8.26
0.14,0.06,15.66
-0.49,4.42,14.36
0.12,2.40,8.12
0.19,-1.62,12.61
2.35,4.67,16.60
2.15,0.37,16.65
2.35,-7.92,17.91
5.47,3.28,7.78
0.68,3.65,19.61
1.19,2.99,15.10
1.69,0.95,16.40
3.80,-3.60,19.61
3.75,-0.53,18.35
5.67,15.67,16.06
1.61,15.46,12.12
3.79,-1.81,8.21
-0.42,-17.26,6.16
-2.19,-1.33,-17.93
10.53,1.77,19.61
0.40,-1.54,-2.02
1.77,-0.47,14.03
1.22,2.00,-5.80
1.89,0.41,17.81
1.06,-0.82,8.68
1.98,1.85,19.61
1.75,-0.99,15.16
1.15,-1.51,13.92
-0.02,0.88,12.15
4.85,1.13,18.59
1.82,-1.16,17.35
-1.26,5.04,11.61
0.19,2.72,3.70
2.15,3.22,2.99
1.67,-0.21,11.84
-0.19,-3.39,7.86
0.55,0.12,10.93
2.30,-0.33,19.61
-0.16,-5.53,-11.97
0.91,0.80,10.79
1.13,0.17,4.63
-0.47,-1.79,5.53
2.52,0.28,18.83
-1.02,2.62,19.61
-0.11,3.71,6.69
1.78,-4.82,19.61
3.35,4.69,11.05
4.00,-2.02,13.96
-1.95,1.54,8.92
-0.55,-2.00,8.58
0.59,-0.38,14.84
-2.93,5.86,6.96
-2.39,4.26,2.89
3.49,7.36,19.61
0.52,0.10,9.26
-0.63,-0.00,10.69
2.25,9.27,10.83
2.00,3.19,18.89
8.94,13.80,19.61
6.04,-13.07,19.61
1.07,-0.06,9.06
2.29,9.55,4.30
-1.64,0.34,7.26
1.37,2.11,14.93
-0.90,-0.45,5.23
-0.02,6.80,11.97
3.72,-0.35,15.37
9.06,-4.09,2.98
2.31,2.81,12.49
2.09,-3.33,13.58
-1.37,0.49,18.82
0.07,1.09,7.39
3.71,1.38,13.92
-0.17,8.25,19.61
0.68,-2.43,13.57
-0.19,-1.61,14.60
0.71,2.60,7.12
-0.47,-0.14,17.92
0.62,-0.92,0.83
-0.76,1.50,17.78
-1.55,0.23,6.06
3.04,3.97,13.51
3.16,-6.30,19.61
2.63,0.05,19.61
7.20,-2.39,19.61
2.02,0.85,19.52
-0.49,1.16,12.11
1.02,0.18,12.60
1.17,-1.62,8.88
-1.22,-2.45,0.34
-1.38,8.12,19.55
-2.25,-5.43,-0.90
-2.88,3.34,1.07
-18.09,1.23,0.00
0.70,-3.09,5.57
0.96,-0.36,19.61
-1.35,11.52,13.16
4.22,-4.40,-4.67
-8.28,-3.04,6.74
6.09,0.22,-6.52
-1.19,3.24,9.34
-1.99,0.69,5.84
0.55,-1.06,11.98
1.36,-7.46,7.81
-0.08,-0.40,11.65
-2.03,0.11,6.87
3.02,-3.73,6.20
-0.23,-4.79,16.07
-0.35,-1.33,11.40
1.20,-2.37,11.10
-6.57,-2.21,6.68
0.90,2.13,8.48
1.98,-0.31,19.61
-0.73,1.05,1.93
1.30,-4.41,9.59
0.11,-0.06,4.65
2.49,-0.23,11.54
0.59,-0.71,19.61
2.63,-2.03,16.06
3.17,-1.61,19.61
-0.97,1.76,1.10
0.89,-2.73,-9.67
3.56,0.05,19.61
4.00,13.25,0.24
-0.59,2.45,18.84
2.23,3.96,14.10
8.59,-6.59,18.58
3.41,5.69,16.73
-0.24,-0.20,7.97
0.00,2.95,10.36
-0.16,2.32,11.80
0.85,-0.38,14.97
-0.05,3.67,10.91
-0.54,-2.05,12.61
-1.06,0.81,10.13
-7.36,6.43,-11.41
1.43,2.21,12.26
4.34,4.82,19.61
-0.33,2.55,19.61
1.00,2.22,6.26
-4.64,4.05,-1.01
0.17,-7.45,4.48
0.68,3.17,14.91
-0.18,-2.37,6.30
2.53,-3.48,17.54
2.91,-5.52,18.62
2.21,-2.58,6.56
0.52,-1.34,9.21
2.38,5.09,12.92
0.08,1.94,13.62
2.10,4.36,13.76
1.52,5.37,14.47
0.06,-8.30,19.61
2.33,-1.82,6.17
1.83,7.37,5.55
-0.09,-0.20,13.16
-0.91,-0.00,10.07
-0.19,1.14,9.28
2.22,-0.76,15.94
3.07,1.68,15.93
0.43,-1.39,0.96
1.79,-0.30,7.90
1.27,5.42,13.26
-8.40,-9.14,-3.35
0.77,-1.63,16.55
2.04,-6.48,7.50
0.36,1.55,14.04
-3.27,4.24,6.07
0.95,-2.30,15.54
-2.60,-2.66,0.71
7.86,0.36,19.61
3.62,3.55,6.55
0.74,-0.68,-14.49
0.22,0.09,9.20
1.46,2.31,5.00
-0.50,-0.76,6.49
-2.09,3.64,17.85
1.13,1.55,14.99
4.56,4.83,12.92
2.66,-0.23,3.78
1.84,3.70,10.36
3.14,-5.07,19.12
2.52,-1.64,13.26
0.78,0.76,8.67
1.28,-0.87,2.32
2.84,-1.09,13.93
-0.66,-1.72,14.05
0.88,4.76,-3.45
4.08,7.66,17.90
2.61,-3.72,10.89
1.83,1.23,11.08
-0.90,-0.05,19.61
-0.85,-0.45,12.00
-0.85,1.71,3.05
0.20,-0.49,4.87
-1.23,0.24,7.00
1.20,2.57,11.69
-0.94,0.35,10.12
0.67,0.60,9.32
3.90,6.37,16.62
2.23,5.33,15.67
1.62,5.55,19.61
-0.68,0.27,12.24
2.97,-1.70,8.24
3.50,3.25,19.61
1.61,4.53,9.65
1.58,-5.30,9.62
0.22,-0.37,-1.30
9.38,6.25,15.21
3.90,-0.42,19.61
-1.46,3.34,19.61
4.13,5.44,19.61
-3.04,-1.89,7.88
1.26,-4.61,19.61
1.18,0.36,17.55
2.03,-2.27,12.46
1.84,-13.91,-0.36
2.12,-2.69,14.70
-0.14,1.79,12.46
3.97,-2.38,19.61
0.16,1.70,18.68
-1.47,4.73,14.55
-2.44,-0.47,9.73
-0.91,-11.90,-14.60
-2.10,-4.92,2.50
-0.34,6.71,-12.16
0.93,8.81,13.20
1.62,3.14,8.57
-3.85,-0.90,4.44
-1.09,-3.97,-13.47
-3.04,-0.39,9.47
-0.69,-6.84,-6.50
-0.40,6.91,9.34
0.82,0.98,4.72
-0.06,0.12,14.10
0.11,-3.33,9.43
0.77,-0.39,8.53
4.29,-5.86,19.61
4.09,-3.07,17.55
-1.41,3.10,5.81
1.75,6.13,17.76
-4.51,-1.54,2.10
-0.83,5.43,11.28
0.52,0.01,18.56
-0.39,-0.89,-2.37
-0.02,1.72,19.52
3.39,0.61,19.61
4.00,3.24,19.61
1.51,-1.30,11.61
5.43,-0.09,19.61
2.53,0.41,8.26
8.94,-12.74,19.61
-5.43,16.05,16.18
0.89,7.61,11.07
-1.07,1.81,-0.26
-0.27,8.04,3.73
4.67,4.24,18.92
-0.44,3.70,13.16
2.84,0.37,11.01
2.52,-2.84,6.33
2.44,-10.42,6.41
-2.72,8.68,-1.53
6.97,-8.18,19.61
-2.84,3.11,-7.16
-3.25,3.41,6.44
2.79,0.60,12.49
4.33,-5.06,7.58
1.39,3.03,17.55
1.12,6.88,12.24
0.60,-3.17,11.61
1.13,7.04,6.40
4.02,2.21,19.61
2.24,0.67,11.88
-0.93,6.72,15.28
-0.78,4.79,12.60
-0.27,0.22,7.27
-1.92,8.72,13.34
3.34,9.79,4.75
3.07,1.52,16.66
-0.77,-2.42,4.62
1.85,-5.35,14.57
-0.14,4.05,7.01
1.45,-1.14,19.61
0.16,-2.51,-6.39
3.28,-1.31,-1.94
2.07,-3.75,14.34
2.90,-1.77,15.83
2.06,11.35,2.15
6.40,-6.12,19.61
1.91,-5.77,-7.70
0.47,-0.61,7.61
1.09,2.04,6.92
1.96,-6.53,19.61
2.20,-2.06,15.16
0.89,1.01,4.04
-3.13,2.59,4.54
1.44,-1.24,6.32
-1.06,6.50,13.18
2.97,-3.88,17.11
0.75,-0.41,8.51
-7.03,-0.28,10.44
3.18,-0.03,19.61
3.29,1.26,18.25
4.80,-19.61,19.61
0.15,-2.21,17.48
-0.15,2.52,10.14
0.37,3.31,15.60
2.16,1.11,12.51
-1.08,0.61,15.58
-2.75,-2.18,-1.08
-2.25,7.59,19.61
0.40,-1.78,3.35
1.42,4.58,17.77
3.12,-1.95,3.36
2.08,-6.80,19.61
0.88,8.13,19.61
-4.49,-0.95,-8.78
-0.94,-12.50,4.82
3.64,-1.52,19.61
0.30,2.09,13.35
0.17,8.46,15.58
-1.67,-0.56,10.10
6.58,5.63,10.45
-1.21,1.80,11.52
1.13,5.20,11.36
-0.92,2.76,1.77
-0.50,0.31,-8.55
-0.14,0.22,11.69
5.00,-4.93,10.85
-1.62,2.18,9.41
-1.52,2.77,12.21
-0.55,11.24,4.23
2.68,-3.00,3.77
-0.33,2.50,18.77
5.05,-9.98,12.57
-4.75,0.89,-12.06
-1.40,2.48,7.56
2.04,0.31,9.02
2.37,-0.85,11.86
1.95,-3.96,15.90
0.83,-2.22,2.66
-0.97,-2.43,2.82
0.55,-3.11,8.99
1.61,-1.24,18.26
1.77,1.05,15.14
2.48,-1.91,10.46
-3.54,2.14,0.09
0.56,-6.25,0.13
3.42,-0.10,19.61
0.52,-0.60,19.60
0.59,3.90,19.61
1.30,0.33,18.35
-1.87,0.88,8.06
0.16,-4.42,10.68
-1.81,3.61,13.35
0.27,0.34,12.74
-0.03,3.11,7.43
0.99,5.34,17.70
2.48,-1.01,19.61
1.74,4.59,13.07
0.97,-1.91,12.18
3.88,1.24,15.38
1.35,2.70,2.96
2.64,3.01,5.84
0.55,4.16,4.52
2.51,-8.25,18.25
-2.67,5.47,7.50
-0.56,0.19,3.18
0.99,2.09,8.37
5.54,-4.51,5.67
1.85,-4.95,11.62
-1.32,2.70,15.26
1.81,-3.97,-3.80
2.65,-1.83,11.10
-0.97,-0.79,-5.37
1.70,3.48,10.19
0.41,3.00,16.52
0.66,-0.25,8.57
1.50,2.70,7.16
-2.87,16.23,19.61
0.20,0.35,3.08
1.72,-1.88,13.46
0.19,-1.08,5.85
0.66,-2.68,3.05
0.45,5.53,14.70
-2.66,4.81,9.32
-0.74,2.28,-15.99
6.90,-10.81,16.19
6.49,2.46,19.61
-1.71,8.98,15.25
-0.56,2.32,15.74
1.87,-0.05,19.61
-0.48,1.40,15.30
1.15,1.44,5.20
0.20,-2.50,13.28
0.27,-0.96,10.61
2.91,-1.64,19.61
1.06,1.02,18.11
2.05,-7.26,19.61
0.84,0.89,17.92
-1.22,4.66,3.65
3.25,0.71,8.52
4.10,-4.61,16.05
4.01,-3.22,19.61
1.41,-2.43,14.69
0.10,0.12,14.31
0.41,7.06,10.63
1.41,5.19,12.59
1.85,3.56,19.61
2.16,-3.36,9.33
0.33,-1.58,11.96
4.05,3.36,14.66
1.73,-2.72,-2.83
-1.20,2.89,6.38
2.57,2.50,19.61
1.31,0.54,18.16
1.50,2.23,6.06
5.57,-15.53,5.83
-0.59,5.69,6.94
1.56,-0.46,8.51
0.41,-0.25,17.84
1.09,-0.32,16.92
0.56,-1.33,14.16
-0.69,0.49,7.02
0.63,1.36,16.95
-1.49,-1.61,11.71
0.14,0.89,19.61
-1.67,2.92,13.97
-2.14,2.63,5.27
1.41,-1.49,15.01
1.54,-0.87,18.76
-1.32,0.86,19.61
-1.60,3.66,-2.35
4.16,2.13,4.70
3.22,1.69,19.61
1.96,-3.04,18.84
2.01,4.44,13.41
0.08,10.17,-9.27
1.45,0.05,9.67
-0.44,0.99,7.68
3.32,0.98,19.61
2.29,-0.65,3.55
2.64,-1.93,-0.75
0.58,0.11,10.74
4.14,1.19,17.45
1.63,-2.39,8.11
2.37,4.12,18.72
2.22,-0.15,7.33
1.15,2.93,16.66
5.36,-4.96,9.60
-1.42,5.57,4.71
1.26,-1.04,11.62
1.92,-4.75,18.64
2.12,1.08,15.11
2.12,-1.51,19.61
-0.67,4.47,14.14
-0.48,1.07,-8.55
3.00,-1.91,19.61
3.79,2.03,19.61
-0.62,10.29,15.48
4.37,-7.19,8.48
-0.05,3.61,16.89
1.64,-3.71,7.94
1.47,-2.12,13.67
-0.17,-2.28,4.42
-1.39,1.39,5.42
1.87,-3.61,10.55
6.66,1.68,12.55
1.02,2.69,7.56
2.79,-9.97,12.09
3.98,-1.01,7.47
0.35,-2.13,11.36
1.70,7.53,15.29
-0.05,0.87,9.16
-0.13,2.69,12.65
5.57,-8.82,19.16
-0.83,-3.39,-4.20
1.88,-7.35,-3.74
3.34,-1.10,10.99
4.17,0.42,19.13
1.93,-0.97,19.61
0.04,-1.84,19.61
2.31,-1.27,8.60
7.88,-19.61,19.44
3.07,3.79,12.38
4.84,3.43,12.28
-0.55,2.74,14.59
-0.18,0.21,6.56
0.64,2.03,11.82
-2.16,-4.24,-9.54
2.09,4.57,13.16
3.75,-6.67,19.61
1.17,-2.38,5.74
0.10,-10.45,10.27
1.16,-0.10,11.65
3.34,-2.48,-1.37
